tree_leaf,Architecture
RS_GCF_000009045.1,Yes-NHEJ-lig-pol-same_prot
RS_GCF_000007365.1,No-LigD-domains
RS_GCF_000219175.1,No-LigD-domains
RS_GCF_000007725.1,No-LigD-domains
RS_GCF_000090965.1,No-LigD-domains
RS_GCF_000027325.1,No-LigD-domains
RS_GCF_000195955.2,Yes-NHEJ-lig-pol-same_prot
RS_GCF_000009605.1,No-LigD-domains
RS_GCF_000013185.1,No-LigD-domains
RS_GCF_000287355.1,No-LigD-domains
RS_GCF_000185985.2,No-LigD-domains
RS_GCF_000011745.1,No-LigD-domains
RS_GCF_000247565.1,No-LigD-domains
RS_GCF_000340865.1,No-LigD-domains
RS_GCF_000340905.1,No-LigD-domains
RS_GCF_000828815.1,No-LigD-domains
RS_GCF_001269425.1,No-LigD-domains
RS_GCF_000828515.1,No-LigD-domains
RS_GCF_001534665.1,No-LigD-domains
RS_GCF_900044015.1,No-LigD-domains
RS_GCF_900048035.1,No-LigD-domains
RS_GCF_900048045.1,No-LigD-domains
RS_GCF_000016325.1,No-LigD-domains
RS_GCF_000016345.1,No-LigD-domains
RS_GCF_000016425.1,Yes-NHEJ-lig-pol-diff-prot
RS_GCF_000012985.1,No-LigD-domains
RS_GCF_000010405.1,No-LigD-domains
RS_GCF_000016545.1,No-LigD-domains
RS_GCF_000017805.1,No-LigD-domains
RS_GCF_000018105.1,No-LigD-domains
RS_GCF_000018325.1,No-LigD-domains
RS_GCF_000010525.1,Yes-NHEJ-all-same-prot
RS_GCF_000093085.1,No-LigD-domains
RS_GCF_000144645.1,Ku-only
RS_GCF_000024925.1,Yes-NHEJ-all-same-prot
RS_GCF_000025005.1,No-LigD-domains
RS_GCF_000143845.1,No-LigD-domains
RS_GCF_000178975.2,Yes-NHEJ-all-same-prot
RS_GCF_000145215.1,No-LigD-domains
RS_GCF_000014445.1,No-LigD-domains
RS_GCF_000015725.1,LigD-only-all-same-prot
RS_GCF_000018685.1,Yes-NHEJ-all-same-prot
RS_GCF_000015565.1,No-LigD-domains
RS_GCF_000092365.1,No-LigD-domains
RS_GCF_000092405.1,Ku-only
RS_GCF_000092425.1,No-LigD-domains
RS_GCF_000093025.1,No-LigD-domains
RS_GCF_000143085.1,No-LigD-domains
RS_GCF_000009905.1,Yes-NHEJ-lig-pol-diff-prot
RS_GCF_000007125.1,No-LigD-domains
RS_GCF_000046705.1,No-LigD-domains
RS_GCF_000196135.1,No-LigD-domains
RS_GCF_000007205.1,No-LigD-domains
RS_GCF_000009765.2,Ku-only
RS_GCF_000011345.1,No-LigD-domains
RS_GCF_000020365.1,No-LigD-domains
RS_GCF_000018945.1,No-LigD-domains
RS_GCF_000021685.1,No-LigD-domains
RS_GCF_000021725.1,No-LigD-domains
RS_GCF_000305785.2,No-LigD-domains
RS_GCF_000305935.1,Yes-NHEJ-lig-pol-diff-prot
RS_GCF_000195295.1,No-LigD-domains
RS_GCF_000218545.1,Yes-NHEJ-lig-pol-diff-prot
RS_GCF_000177535.2,No-LigD-domains
RS_GCF_000218895.1,No-LigD-domains
RS_GCF_000237205.1,No-LigD-domains
RS_GCF_000219725.1,No-LigD-domains
RS_GCF_000091545.1,No-LigD-domains
RS_GCF_000012305.1,No-LigD-domains
RS_GCF_000011385.1,No-LigD-domains
RS_GCF_000012845.1,No-LigD-domains
RS_GCF_000007985.2,No-LigD-domains
RS_GCF_000011325.1,No-LigD-domains
RS_GCF_000196255.1,No-LigD-domains
RS_GCF_000025945.1,No-LigD-domains
RS_GCF_000011645.1,Yes-NHEJ-lig-pol-same_prot
RS_GCF_000008485.1,No-LigD-domains
RS_GCF_000019685.1,No-LigD-domains
RS_GCF_000024065.1,No-LigD-domains
RS_GCF_000024505.1,No-LigD-domains
RS_GCF_000015285.1,No-LigD-domains
RS_GCF_000015505.1,Ku-only
RS_GCF_000015585.1,No-LigD-domains
RS_GCF_000058485.1,Yes-NHEJ-all-diff-prot
RS_GCF_000203915.1,Yes-NHEJ-all-same-prot
RS_GCF_000213655.1,No-LigD-domains
RS_GCF_000213805.1,Yes-NHEJ-all-same-prot
RS_GCF_000223375.1,No-LigD-domains
RS_GCF_000020985.1,No-LigD-domains
RS_GCF_000020485.1,Yes-NHEJ-lig-pol-diff-prot
RS_GCF_000010645.1,No-LigD-domains
RS_GCF_000023205.1,No-LigD-domains
RS_GCF_000026225.1,No-LigD-domains
RS_GCF_000014885.1,No-LigD-domains
RS_GCF_000014805.1,No-LigD-domains
RS_GCF_000023265.1,No-LigD-domains
RS_GCF_000018605.1,No-LigD-domains
RS_GCF_000008625.1,No-LigD-domains
RS_GCF_000006685.1,No-LigD-domains
RS_GCF_000195855.1,No-LigD-domains
RS_GCF_000092025.1,Yes-NHEJ-all-same-prot
RS_GCF_000008765.1,No-LigD-domains
RS_GCF_000011245.1,Yes-NHEJ-lig-pol-same_prot
RS_GCF_000023865.1,Yes-NHEJ-all-diff-prot
RS_GCF_000024545.1,Ku-only
RS_GCF_000024405.1,No-LigD-domains
RS_GCF_000092865.1,Yes-NHEJ-all-diff-prot
RS_GCF_000024025.1,Yes-NHEJ-all-diff-prot
RS_GCF_000023825.1,Yes-NHEJ-all-same-prot
RS_GCF_000025905.1,No-LigD-domains
RS_GCF_000025925.1,No-LigD-domains
RS_GCF_000092245.1,No-LigD-domains
RS_GCF_000023845.1,No-LigD-domains
RS_GCF_000024225.1,No-LigD-domains
RS_GCF_000006985.1,No-LigD-domains
RS_GCF_000007145.1,Yes-NHEJ-all-same-prot
RS_GCF_000011445.1,No-LigD-domains
RS_GCF_000011965.2,No-LigD-domains
RS_GCF_000196115.1,No-LigD-domains
RS_GCF_000020145.1,No-LigD-domains
RS_GCF_000020225.1,No-LigD-domains
RS_GCF_000019225.1,No-LigD-domains
RS_GCF_000024325.1,No-LigD-domains
RS_GCF_000018545.1,Yes-NHEJ-all-same-prot
RS_GCF_000192865.1,No-LigD-domains
RS_GCF_000017245.1,No-LigD-domains
RS_GCF_000017305.1,Ku-only
RS_GCF_000008465.1,No-LigD-domains
RS_GCF_000067045.1,Yes-NHEJ-all-same-prot
RS_GCF_000020025.1,No-LigD-domains
RS_GCF_000020045.1,Yes-NHEJ-all-same-prot
RS_GCF_000017845.1,No-LigD-domains
RS_GCF_000012085.2,No-LigD-domains
RS_GCF_000020525.1,No-LigD-domains
RS_GCF_000092225.1,Yes-NHEJ-all-same-prot
RS_GCF_000024785.1,Yes-NHEJ-all-same-prot
RS_GCF_000067205.1,Yes-NHEJ-all-same-prot
RS_GCF_000020565.1,No-LigD-domains
RS_GCF_000024085.1,No-LigD-domains
RS_GCF_000145255.1,No-LigD-domains
RS_GCF_000009945.1,No-LigD-domains
RS_GCF_000145035.1,No-LigD-domains
RS_GCF_000152825.2,No-LigD-domains
RS_GCF_000007665.1,Ku-only
RS_GCF_000019185.1,No-LigD-domains
RS_GCF_000069225.1,Ku-only
RS_GCF_000010185.1,No-LigD-domains
RS_GCF_000022065.1,Ku-only
RS_GCF_000165485.1,LigD-only-lig-pol-same_prot
RS_GCF_000154785.2,No-LigD-domains
RS_GCF_000021485.1,No-LigD-domains
RS_GCF_000021565.1,No-LigD-domains
RS_GCF_000021545.1,No-LigD-domains
RS_GCF_000024265.1,Yes-NHEJ-all-same-prot
RS_GCF_000025345.1,Yes-NHEJ-lig-pol-diff-prot
RS_GCF_000166055.1,Yes-NHEJ-all-same-prot
RS_GCF_000177235.2,Ku-only
RS_GCF_000025125.1,No-LigD-domains
RS_GCF_000011305.1,No-LigD-domains
RS_GCF_000011065.1,No-LigD-domains
RS_GCF_000007825.1,Ku-only
RS_GCF_000007925.1,No-LigD-domains
RS_GCF_000195975.1,No-LigD-domains
RS_GCF_000011485.1,No-LigD-domains
RS_GCF_000007705.1,No-LigD-domains
RS_GCF_000015965.1,No-LigD-domains
RS_GCF_000025485.1,No-LigD-domains
RS_GCF_000023145.1,No-LigD-domains
RS_GCF_000146185.1,No-LigD-domains
RS_GCF_000175215.2,Yes-NHEJ-all-same-prot
RS_GCF_000092785.1,No-LigD-domains
RS_GCF_000092205.1,No-LigD-domains
RS_GCF_000010625.1,No-LigD-domains
RS_GCF_000196515.1,No-LigD-domains
RS_GCF_000010985.1,No-LigD-domains
RS_GCF_000178115.2,No-LigD-domains
RS_GCF_000016165.1,Yes-NHEJ-lig-pol-diff-prot
RS_GCF_000016065.1,No-LigD-domains
RS_GCF_000063545.1,No-LigD-domains
RS_GCF_000016985.1,No-LigD-domains
RS_GCF_000016185.1,No-LigD-domains
RS_GCF_000196435.1,No-LigD-domains
RS_GCF_000016285.1,Yes-NHEJ-all-same-prot
RS_GCF_000025705.1,No-LigD-domains
RS_GCF_000145615.1,Ku-only
RS_GCF_000022525.1,No-LigD-domains
RS_GCF_000222485.1,Yes-NHEJ-all-same-prot
RS_GCF_000023465.1,Yes-NHEJ-all-same-prot
RS_GCF_000144695.1,No-LigD-domains
RS_GCF_000144625.1,Ku-only
RS_GCF_000020005.1,Ku-only
RS_GCF_000019785.1,No-LigD-domains
RS_GCF_000019845.1,Yes-NHEJ-all-diff-prot
RS_GCF_000026185.1,No-LigD-domains
RS_GCF_000069945.1,No-LigD-domains
RS_GCF_000196495.1,No-LigD-domains
RS_GCF_000020945.1,No-LigD-domains
RS_GCF_000020965.1,No-LigD-domains
RS_GCF_000014965.1,No-LigD-domains
RS_GCF_000008685.2,No-LigD-domains
RS_GCF_000013645.1,Yes-NHEJ-all-same-prot
RS_GCF_000014145.1,Yes-NHEJ-all-same-prot
RS_GCF_000024725.1,Ku-only
RS_GCF_000025845.1,No-LigD-domains
RS_GCF_000017685.1,No-LigD-domains
RS_GCF_000017265.1,Yes-NHEJ-all-same-prot
RS_GCF_000020585.3,No-LigD-domains
RS_GCF_000010165.1,Ku-only
RS_GCF_000024805.1,Yes-NHEJ-all-same-prot
RS_GCF_000025185.1,No-LigD-domains
RS_GCF_000025305.1,No-LigD-domains
RS_GCF_000023905.1,No-LigD-domains
RS_GCF_000092125.1,No-LigD-domains
RS_GCF_000024285.1,Ku-only
RS_GCF_000024385.1,Yes-NHEJ-lig-pol-diff-prot
RS_GCF_000013085.1,No-LigD-domains
RS_GCF_000012365.1,No-LigD-domains
RS_GCF_000010085.1,No-LigD-domains
RS_GCF_000013405.1,No-LigD-domains
RS_GCF_000012225.1,No-LigD-domains
RS_GCF_000013385.1,Yes-NHEJ-all-diff-prot
RS_GCF_000092045.1,Yes-NHEJ-all-same-prot
RS_GCF_000013345.1,Ku-only
RS_GCF_000013165.1,No-LigD-domains
RS_GCF_000013665.1,No-LigD-domains
RS_GCF_000013885.1,Yes-NHEJ-all-same-prot
RS_GCF_000262305.1,No-LigD-domains
RS_GCF_000013025.1,No-LigD-domains
RS_GCF_000014785.1,No-LigD-domains
RS_GCF_000014285.2,No-LigD-domains
RS_GCF_000014745.1,No-LigD-domains
RS_GCF_000014725.1,Yes-NHEJ-lig-pol-diff-prot
RS_GCF_000013765.1,No-LigD-domains
RS_GCF_000016825.1,No-LigD-domains
RS_GCF_000018885.1,No-LigD-domains
RS_GCF_000018865.1,No-LigD-domains
RS_GCF_000023125.1,Yes-NHEJ-all-same-prot
RS_GCF_000025725.1,No-LigD-domains
RS_GCF_000018025.1,No-LigD-domains
RS_GCF_000026205.1,No-LigD-domains
RS_GCF_000023885.1,No-LigD-domains
RS_GCF_000024985.1,No-LigD-domains
RS_GCF_000024865.1,Ku-only
RS_GCF_000024905.1,No-LigD-domains
RS_GCF_000143145.1,Yes-NHEJ-all-diff-prot
RS_GCF_000025605.1,No-LigD-domains
RS_GCF_000024565.1,No-LigD-domains
RS_GCF_000022905.1,No-LigD-domains
RS_GCF_000067165.1,Yes-NHEJ-lig-pol-same_prot
RS_GCF_000015865.1,No-LigD-domains
RS_GCF_000019085.1,Yes-NHEJ-lig-no-pol
RS_GCF_000019525.1,No-LigD-domains
RS_GCF_000176915.2,No-LigD-domains
RS_GCF_000007605.1,No-LigD-domains
RS_GCF_000195755.1,No-LigD-domains
RS_GCF_000007485.1,No-LigD-domains
RS_GCF_000022565.1,Yes-NHEJ-all-same-prot
RS_GCF_000020685.1,No-LigD-domains
RS_GCF_000010305.1,No-LigD-domains
RS_GCF_000023245.1,Ku-only
RS_GCF_000023225.1,No-LigD-domains
RS_GCF_000024205.1,No-LigD-domains
RS_GCF_000024365.1,Yes-NHEJ-all-same-prot
RS_GCF_000092985.1,Ku-only
RS_GCF_000092105.1,No-LigD-domains
RS_GCF_000024845.1,No-LigD-domains
RS_GCF_000024885.1,No-LigD-domains
RS_GCF_000092825.1,No-LigD-domains
RS_GCF_000024965.1,Yes-NHEJ-all-same-prot
RS_GCF_000021745.1,Yes-NHEJ-all-same-prot
RS_GCF_000024105.1,No-LigD-domains
RS_GCF_000196315.1,No-LigD-domains
RS_GCF_000017425.1,No-LigD-domains
RS_GCF_000017405.1,Yes-NHEJ-all-same-prot
RS_GCF_000143985.1,No-LigD-domains
RS_GCF_000091325.1,No-LigD-domains
RS_GCF_000021865.1,No-LigD-domains
RS_GCF_000025565.1,No-LigD-domains
RS_GCF_000025885.1,No-LigD-domains
RS_GCF_000092905.1,Ku-only
RS_GCF_000023325.1,No-LigD-domains
RS_GCF_000021985.1,No-LigD-domains
RS_GCF_000021825.1,No-LigD-domains
RS_GCF_000017585.1,No-LigD-domains
RS_GCF_000016505.1,No-LigD-domains
RS_GCF_000017545.1,No-LigD-domains
RS_GCF_000020385.1,No-LigD-domains
RS_GCF_000013905.1,No-LigD-domains
RS_GCF_000196015.1,No-LigD-domains
RS_GCF_000055945.1,No-LigD-domains
RS_GCF_000196275.1,No-LigD-domains
RS_GCF_000014005.1,Yes-NHEJ-all-diff-prot
RS_GCF_000013705.1,No-LigD-domains
RS_GCF_000176855.2,Yes-NHEJ-all-same-prot
RS_GCF_000166135.1,Yes-NHEJ-all-diff-prot
RS_GCF_000007905.1,No-LigD-domains
RS_GCF_000022025.1,Yes-NHEJ-all-same-prot
RS_GCF_000021945.1,No-LigD-domains
RS_GCF_000011225.1,No-LigD-domains
RS_GCF_000008565.1,No-LigD-domains
RS_GCF_000011365.1,Yes-NHEJ-all-same-prot
RS_GCF_000012345.1,No-LigD-domains
RS_GCF_000012725.1,Yes-NHEJ-all-same-prot
RS_GCF_000012125.1,No-LigD-domains
RS_GCF_000012885.1,No-LigD-domains
RS_GCF_000012465.1,No-LigD-domains
RS_GCF_000177635.2,No-LigD-domains
RS_GCF_000010785.1,No-LigD-domains
RS_GCF_000014865.1,No-LigD-domains
RS_GCF_000015105.1,No-LigD-domains
RS_GCF_000023445.1,No-LigD-domains
RS_GCF_000018285.1,No-LigD-domains
RS_GCF_000024605.1,No-LigD-domains
RS_GCF_000085865.1,No-LigD-domains
RS_GCF_000144605.1,Yes-NHEJ-all-same-prot
RS_GCF_000012945.1,No-LigD-domains
RS_GCF_000012865.1,Ku-only
RS_GCF_000012485.1,No-LigD-domains
RS_GCF_000012965.1,No-LigD-domains
RS_GCF_000196355.1,Yes-NHEJ-all-same-prot
RS_GCF_000020645.1,No-LigD-domains
RS_GCF_000020625.1,No-LigD-domains
RS_GCF_000145275.1,No-LigD-domains
RS_GCF_000023705.1,No-LigD-domains
RS_GCF_000023785.1,No-LigD-domains
RS_GCF_000271405.2,No-LigD-domains
RS_GCF_000287335.1,No-LigD-domains
RS_GCF_000155735.2,No-LigD-domains
RS_GCF_000284335.1,No-LigD-domains
RS_GCF_000259255.1,No-LigD-domains
RS_GCF_000259275.1,No-LigD-domains
RS_GCF_000306945.1,No-LigD-domains
RS_GCF_000155675.2,No-LigD-domains
RS_GCF_000237085.1,No-LigD-domains
RS_GCF_000236705.1,No-LigD-domains
RS_GCF_000236685.1,No-LigD-domains
RS_GCF_000283655.1,No-LigD-domains
RS_GCF_000266885.1,No-LigD-domains
RS_GCF_000265385.1,Yes-NHEJ-all-same-prot
RS_GCF_000265405.1,No-LigD-domains
RS_GCF_000265465.1,No-LigD-domains
RS_GCF_000265505.1,No-LigD-domains
RS_GCF_000266945.1,Yes-NHEJ-all-diff-prot
RS_GCF_000265425.1,Yes-NHEJ-all-same-prot
RS_GCF_000266905.1,Yes-NHEJ-all-same-prot
RS_GCF_000299355.1,No-LigD-domains
RS_GCF_000265295.1,No-LigD-domains
RS_GCF_000328705.1,Yes-NHEJ-all-diff-prot
RS_GCF_000300005.1,No-LigD-domains
RS_GCF_000307165.1,No-LigD-domains
RS_GCF_000235605.1,Yes-NHEJ-all-same-prot
RS_GCF_000185805.1,No-LigD-domains
RS_GCF_000186885.1,No-LigD-domains
RS_GCF_000010125.1,No-LigD-domains
RS_GCF_000017565.1,Yes-NHEJ-all-same-prot
RS_GCF_000306785.1,Yes-NHEJ-all-diff-prot
RS_GCF_000212375.1,No-LigD-domains
RS_GCF_000212415.1,No-LigD-domains
RS_GCF_000025965.1,LigD-only-all-same-prot
RS_GCF_000196735.1,Yes-NHEJ-lig-pol-same_prot
RS_GCF_000013985.1,No-LigD-domains
RS_GCF_000215975.1,No-LigD-domains
RS_GCF_000218625.1,No-LigD-domains
RS_GCF_000092925.1,Yes-NHEJ-all-same-prot
RS_GCF_000014185.1,No-LigD-domains
RS_GCF_000219355.1,No-LigD-domains
RS_GCF_000092645.1,Yes-NHEJ-lig-pol-diff-prot
RS_GCF_000008305.1,No-LigD-domains
RS_GCF_000023285.1,No-LigD-domains
RS_GCF_000024425.1,No-LigD-domains
RS_GCF_000190535.1,No-LigD-domains
RS_GCF_000023925.1,Ku-only
RS_GCF_000148645.1,No-LigD-domains
RS_GCF_000011705.1,No-LigD-domains
RS_GCF_000016645.1,Yes-NHEJ-all-same-prot
RS_GCF_000016745.1,Yes-NHEJ-all-diff-prot
RS_GCF_000062885.1,Yes-NHEJ-all-diff-prot
RS_GCF_000025985.1,No-LigD-domains
RS_GCF_000015045.1,No-LigD-domains
RS_GCF_000299335.2,No-LigD-domains
RS_GCF_000226295.1,No-LigD-domains
RS_GCF_000217795.1,Yes-NHEJ-lig-no-pol
RS_GCF_000217815.1,No-LigD-domains
RS_GCF_000018205.1,No-LigD-domains
RS_GCF_000018145.1,No-LigD-domains
RS_GCF_000166775.1,No-LigD-domains
RS_GCF_000012805.1,No-LigD-domains
RS_GCF_000179915.2,Yes-NHEJ-all-same-prot
RS_GCF_000195315.1,No-LigD-domains
RS_GCF_000195275.1,No-LigD-domains
RS_GCF_000165465.1,No-LigD-domains
RS_GCF_000164865.1,No-LigD-domains
RS_GCF_000165505.1,No-LigD-domains
RS_GCF_000166335.1,No-LigD-domains
RS_GCF_000166355.1,No-LigD-domains
RS_GCF_000019965.1,Yes-NHEJ-all-diff-prot
RS_GCF_000014045.1,No-LigD-domains
RS_GCF_000195335.1,No-LigD-domains
RS_GCF_000183405.1,No-LigD-domains
RS_GCF_000196455.1,No-LigD-domains
RS_GCF_000009985.1,No-LigD-domains
RS_GCF_000063605.1,No-LigD-domains
RS_GCF_000012925.1,No-LigD-domains
RS_GCF_000269985.1,No-LigD-domains
RS_GCF_000022145.1,Yes-NHEJ-all-diff-prot
RS_GCF_000202835.1,No-LigD-domains
RS_GCF_000191045.1,No-LigD-domains
RS_GCF_000178955.2,Yes-NHEJ-all-same-prot
RS_GCF_000069185.1,Yes-NHEJ-all-same-prot
RS_GCF_000255135.1,No-LigD-domains
RS_GCF_000247605.1,No-LigD-domains
RS_GCF_000307105.1,No-LigD-domains
RS_GCF_000284315.1,No-LigD-domains
RS_GCF_000258405.1,No-LigD-domains
RS_GCF_000284515.1,Yes-NHEJ-lig-pol-same_prot
RS_GCF_000166415.1,No-LigD-domains
RS_GCF_000166395.1,No-LigD-domains
RS_GCF_000024465.1,No-LigD-domains
RS_GCF_000194605.1,No-LigD-domains
RS_GCF_000163895.2,No-LigD-domains
RS_GCF_000179035.2,No-LigD-domains
RS_GCF_000190575.1,No-LigD-domains
RS_GCF_000190595.1,No-LigD-domains
RS_GCF_000190635.1,Yes-NHEJ-all-same-prot
RS_GCF_000284015.1,Yes-NHEJ-lig-pol-diff-prot
RS_GCF_000250655.1,Ku-only
RS_GCF_000252445.1,No-LigD-domains
RS_GCF_000255295.1,LigD-only-all-same-prot
RS_GCF_000455605.1,No-LigD-domains
RS_GCF_000190555.1,No-LigD-domains
RS_GCF_000021645.1,No-LigD-domains
RS_GCF_000022265.1,Yes-NHEJ-all-same-prot
RS_GCF_000218565.1,Yes-NHEJ-lig-pol-same_prot
RS_GCF_000147355.1,No-LigD-domains
RS_GCF_000240165.1,Yes-NHEJ-all-diff-prot
RS_GCF_000189295.2,No-LigD-domains
RS_GCF_000281175.1,No-LigD-domains
RS_GCF_000284115.1,No-LigD-domains
RS_GCF_000284295.1,Yes-NHEJ-all-diff-prot
RS_GCF_000284255.1,Yes-NHEJ-all-same-prot
RS_GCF_000200595.1,No-LigD-domains
RS_GCF_000204645.1,No-LigD-domains
RS_GCF_000208385.1,No-LigD-domains
RS_GCF_000270245.1,Yes-NHEJ-all-same-prot
RS_GCF_000023105.1,Yes-NHEJ-all-same-prot
RS_GCF_000024345.1,Yes-NHEJ-all-diff-prot
RS_GCF_000196175.1,Yes-NHEJ-all-same-prot
RS_GCF_000192745.1,No-LigD-domains
RS_GCF_000194135.1,No-LigD-domains
RS_GCF_000018045.1,No-LigD-domains
RS_GCF_000225345.1,No-LigD-domains
RS_GCF_000008545.1,No-LigD-domains
RS_GCF_000146165.2,No-LigD-domains
RS_GCF_000284035.1,Yes-NHEJ-all-same-prot
RS_GCF_000021805.1,No-LigD-domains
RS_GCF_000147335.1,No-LigD-domains
RS_GCF_000022085.1,No-LigD-domains
RS_GCF_000008185.1,No-LigD-domains
RS_GCF_000014125.1,No-LigD-domains
RS_GCF_000015025.1,No-LigD-domains
RS_GCF_000025265.1,Yes-NHEJ-all-same-prot
RS_GCF_000025225.2,No-LigD-domains
RS_GCF_000011905.1,No-LigD-domains
RS_GCF_000012745.1,Yes-NHEJ-all-same-prot
RS_GCF_000204135.1,No-LigD-domains
RS_GCF_000013145.1,No-LigD-domains
RS_GCF_000013605.1,No-LigD-domains
RS_GCF_000215705.1,Yes-NHEJ-all-same-prot
RS_GCF_000221045.1,Yes-NHEJ-all-same-prot
RS_GCF_000213255.1,No-LigD-domains
RS_GCF_000212695.1,Yes-NHEJ-all-diff-prot
RS_GCF_000212735.1,No-LigD-domains
RS_GCF_000190435.1,No-LigD-domains
RS_GCF_000178835.2,No-LigD-domains
RS_GCF_000153485.2,No-LigD-domains
RS_GCF_000223215.1,No-LigD-domains
RS_GCF_000018425.1,Ku-only
RS_GCF_000019165.1,Ku-only
RS_GCF_000018785.1,No-LigD-domains
RS_GCF_000018405.1,No-LigD-domains
RS_GCF_000186225.1,No-LigD-domains
RS_GCF_000186345.1,No-LigD-domains
RS_GCF_000185965.1,Yes-NHEJ-all-same-prot
RS_GCF_000186245.1,No-LigD-domains
RS_GCF_000186265.1,No-LigD-domains
RS_GCF_000186385.1,No-LigD-domains
RS_GCF_000189415.1,No-LigD-domains
RS_GCF_000013045.1,No-LigD-domains
RS_GCF_000015125.1,No-LigD-domains
RS_GCF_000010425.1,No-LigD-domains
RS_GCF_000183365.1,No-LigD-domains
RS_GCF_000183135.1,No-LigD-domains
RS_GCF_000183425.1,No-LigD-domains
RS_GCF_000183725.1,No-LigD-domains
RS_GCF_000183745.1,No-LigD-domains
RS_GCF_000196615.1,No-LigD-domains
RS_GCF_000013005.1,Yes-NHEJ-all-same-prot
RS_GCF_000013365.1,Yes-NHEJ-all-same-prot
RS_GCF_000020505.1,No-LigD-domains
RS_GCF_000020725.1,Yes-NHEJ-all-same-prot
RS_GCF_000010285.1,No-LigD-domains
RS_GCF_000230555.1,Yes-NHEJ-all-same-prot
RS_GCF_000009365.1,No-LigD-domains
RS_GCF_000215745.1,No-LigD-domains
RS_GCF_000214665.1,No-LigD-domains
RS_GCF_000973105.1,No-LigD-domains
RS_GCF_000224085.1,No-LigD-domains
RS_GCF_000184685.1,Yes-NHEJ-lig-pol-diff-prot
RS_GCF_000184705.1,Yes-NHEJ-lig-pol-diff-prot
RS_GCF_000199675.1,No-LigD-domains
RS_GCF_000210915.2,No-LigD-domains
RS_GCF_000277795.1,No-LigD-domains
RS_GCF_000279145.1,No-LigD-domains
RS_GCF_000280925.3,No-LigD-domains
RS_GCF_000143965.1,No-LigD-domains
RS_GCF_000024125.1,No-LigD-domains
RS_GCF_000010665.1,No-LigD-domains
RS_GCF_000008365.1,No-LigD-domains
RS_GCF_000023065.1,No-LigD-domains
RS_GCF_000023025.1,No-LigD-domains
RS_GCF_000024765.1,No-LigD-domains
RS_GCF_000013325.1,Yes-NHEJ-all-same-prot
RS_GCF_000238995.1,No-LigD-domains
RS_GCF_000260965.1,No-LigD-domains
RS_GCF_000015245.1,No-LigD-domains
RS_GCF_000214355.1,No-LigD-domains
RS_GCF_000214375.1,No-LigD-domains
RS_GCF_000214705.1,Yes-NHEJ-lig-pol-diff-prot
RS_GCF_000214215.1,No-LigD-domains
RS_GCF_000214825.1,No-LigD-domains
RS_GCF_000215085.1,Yes-NHEJ-lig-pol-diff-prot
RS_GCF_000214175.1,Yes-NHEJ-all-same-prot
RS_GCF_000215105.1,Yes-NHEJ-all-same-prot
RS_GCF_000226565.1,No-LigD-domains
RS_GCF_000226315.1,No-LigD-domains
RS_GCF_000319385.1,No-LigD-domains
RS_GCF_000317105.1,No-LigD-domains
RS_GCF_000317125.1,No-LigD-domains
RS_GCF_000317835.1,No-LigD-domains
RS_GCF_000317515.1,No-LigD-domains
RS_GCF_000317495.1,No-LigD-domains
RS_GCF_000317575.1,No-LigD-domains
RS_GCF_000317695.1,No-LigD-domains
RS_GCF_000317475.1,No-LigD-domains
RS_GCF_000317675.1,No-LigD-domains
RS_GCF_000317615.1,No-LigD-domains
RS_GCF_000967425.1,Yes-NHEJ-all-same-prot
RS_GCF_000325665.1,No-LigD-domains
RS_GCF_000325705.1,No-LigD-domains
RS_GCF_000325745.1,No-LigD-domains
RS_GCF_000328765.2,No-LigD-domains
RS_GCF_000321415.2,No-LigD-domains
RS_GCF_000327045.1,No-LigD-domains
RS_GCF_000328625.1,No-LigD-domains
RS_GCF_000208405.1,No-LigD-domains
RS_GCF_000331735.1,Ku-only
RS_GCF_000331995.1,Yes-NHEJ-lig-pol-diff-prot
RS_GCF_000340795.1,No-LigD-domains
RS_GCF_000341395.1,No-LigD-domains
RS_GCF_000341345.1,No-LigD-domains
RS_GCF_000340885.1,No-LigD-domains
RS_GCF_000341355.1,No-LigD-domains
RS_GCF_000344785.1,No-LigD-domains
RS_GCF_000212395.1,No-LigD-domains
RS_GCF_000344805.1,Yes-NHEJ-all-same-prot
RS_GCF_000348785.1,Yes-NHEJ-all-diff-prot
RS_GCF_000347635.1,No-LigD-domains
RS_GCF_000355675.1,No-LigD-domains
RS_GCF_000348725.1,No-LigD-domains
RS_GCF_000389635.1,No-LigD-domains
RS_GCF_000400955.1,No-LigD-domains
RS_GCF_000400935.1,No-LigD-domains
RS_GCF_000402035.1,Yes-NHEJ-all-same-prot
RS_GCF_000418365.1,No-LigD-domains
RS_GCF_000439455.1,No-LigD-domains
RS_GCF_000439435.1,No-LigD-domains
RS_GCF_000441555.1,No-LigD-domains
RS_GCF_000442645.1,No-LigD-domains
RS_GCF_000444875.1,Ku-only
RS_GCF_000444995.1,No-LigD-domains
RS_GCF_000445995.2,No-LigD-domains
RS_GCF_000412695.1,No-LigD-domains
RS_GCF_000297055.2,No-LigD-domains
RS_GCF_000470775.1,No-LigD-domains
RS_GCF_000590555.1,No-LigD-domains
RS_GCF_000473995.1,No-LigD-domains
RS_GCF_000477415.1,No-LigD-domains
RS_GCF_000477435.1,No-LigD-domains
RS_GCF_000484535.1,No-LigD-domains
RS_GCF_000485905.1,No-LigD-domains
RS_GCF_000494755.1,Yes-NHEJ-all-diff-prot
RS_GCF_000473245.1,Yes-NHEJ-lig-pol-same_prot
RS_GCF_000496595.1,No-LigD-domains
RS_GCF_000319575.2,No-LigD-domains
RS_GCF_000503895.1,Ku-only
RS_GCF_000500935.1,No-LigD-domains
RS_GCF_000507245.1,No-LigD-domains
RS_GCF_000508225.1,No-LigD-domains
RS_GCF_000510265.1,No-LigD-domains
RS_GCF_000317305.3,Yes-NHEJ-all-same-prot
RS_GCF_000513475.1,LigD-only-all-diff-prot
RS_GCF_000511355.1,No-LigD-domains
RS_GCF_000512355.1,Yes-NHEJ-all-same-prot
RS_GCF_000512205.2,Yes-NHEJ-all-same-prot
RS_GCF_000512915.1,No-LigD-domains
RS_GCF_000512735.1,No-LigD-domains
RS_GCF_000513295.1,No-LigD-domains
RS_GCF_000517405.1,No-LigD-domains
RS_GCF_000517425.1,No-LigD-domains
RS_GCF_000520015.2,No-LigD-domains
RS_GCF_000521505.1,Yes-NHEJ-all-same-prot
RS_GCF_000523235.1,Yes-NHEJ-all-same-prot
RS_GCF_000550805.1,No-LigD-domains
RS_GCF_000524555.1,No-LigD-domains
RS_GCF_000565195.1,No-LigD-domains
RS_GCF_000565215.1,No-LigD-domains
RS_GCF_000565175.1,No-LigD-domains
RS_GCF_000576555.1,No-LigD-domains
RS_GCF_000577895.1,No-LigD-domains
RS_GCF_000597865.1,No-LigD-domains
RS_GCF_000590925.1,No-LigD-domains
RS_GCF_000612505.1,Ku-only
RS_GCF_000626675.1,No-LigD-domains
RS_GCF_000632985.1,No-LigD-domains
RS_GCF_000632845.1,No-LigD-domains
RS_GCF_000689415.1,No-LigD-domains
RS_GCF_000695835.1,No-LigD-domains
RS_GCF_000709555.1,No-LigD-domains
RS_GCF_000724485.1,Yes-NHEJ-lig-pol-same_prot
RS_GCF_000723165.1,No-LigD-domains
RS_GCF_000724625.1,Yes-NHEJ-all-same-prot
RS_GCF_000725385.1,No-LigD-domains
RS_GCF_000731315.1,Yes-NHEJ-all-same-prot
RS_GCF_000734015.1,No-LigD-domains
RS_GCF_000736415.1,No-LigD-domains
RS_GCF_000732925.1,Yes-NHEJ-all-diff-prot
RS_GCF_000738435.1,No-LigD-domains
RS_GCF_000739455.1,No-LigD-domains
RS_GCF_000742835.1,No-LigD-domains
RS_GCF_000743945.1,No-LigD-domains
RS_GCF_000756615.1,Ku-only
RS_GCF_000757825.1,No-LigD-domains
RS_GCF_000761215.1,Ku-only
RS_GCF_000759535.1,Yes-NHEJ-all-same-prot
RS_GCF_000761155.1,Yes-NHEJ-all-same-prot
RS_GCF_000758705.1,Ku-only
RS_GCF_000758685.1,No-LigD-domains
RS_GCF_000758665.1,Ku-only
RS_GCF_000763575.1,Yes-NHEJ-lig-no-pol
RS_GCF_000764555.1,No-LigD-domains
RS_GCF_000767055.1,No-LigD-domains
RS_GCF_000786695.1,No-LigD-domains
RS_GCF_000788395.1,No-LigD-domains
RS_GCF_000807275.1,No-LigD-domains
RS_GCF_000807255.1,No-LigD-domains
RS_GCF_000803645.1,Yes-NHEJ-all-same-prot
RS_GCF_000815225.1,No-LigD-domains
RS_GCF_000814825.1,No-LigD-domains
RS_GCF_000815065.1,No-LigD-domains
RS_GCF_000816845.1,Yes-NHEJ-all-same-prot
RS_GCF_000819565.1,Yes-NHEJ-all-same-prot
RS_GCF_000819445.1,Yes-NHEJ-all-same-prot
RS_GCF_000828615.1,No-LigD-domains
RS_GCF_000828635.1,No-LigD-domains
RS_GCF_000828855.1,No-LigD-domains
RS_GCF_000828475.1,Yes-NHEJ-all-same-prot
RS_GCF_000830005.1,No-LigD-domains
RS_GCF_000832305.1,Yes-NHEJ-all-same-prot
RS_GCF_000835165.1,No-LigD-domains
RS_GCF_000941055.1,No-LigD-domains
RS_GCF_000931445.1,Ku-only
RS_GCF_000940805.1,No-LigD-domains
RS_GCF_000935025.1,Yes-NHEJ-all-same-prot
RS_GCF_000953135.1,No-LigD-domains
RS_GCF_000960975.1,Yes-NHEJ-all-same-prot
RS_GCF_000961095.1,Ku-only
RS_GCF_000963865.1,No-LigD-domains
RS_GCF_000968175.1,No-LigD-domains
RS_GCF_000967915.1,No-LigD-domains
RS_GCF_000968055.1,No-LigD-domains
RS_GCF_000953655.1,Yes-NHEJ-all-same-prot
RS_GCF_000953715.1,No-LigD-domains
RS_GCF_000974425.1,No-LigD-domains
RS_GCF_000972865.1,Yes-NHEJ-all-same-prot
RS_GCF_000973085.1,No-LigD-domains
RS_GCF_000973725.1,No-LigD-domains
RS_GCF_000968375.1,No-LigD-domains
RS_GCF_000764535.1,Yes-NHEJ-all-same-prot
RS_GCF_000980835.1,No-LigD-domains
RS_GCF_000980815.1,No-LigD-domains
RS_GCF_001007995.1,No-LigD-domains
RS_GCF_000993785.3,Yes-NHEJ-lig-pol-diff-prot
RS_GCF_000981765.1,No-LigD-domains
RS_GCF_001007935.1,No-LigD-domains
RS_GCF_001008165.2,Yes-NHEJ-all-same-prot
RS_GCF_001007875.1,No-LigD-domains
RS_GCF_000987835.1,No-LigD-domains
RS_GCF_000827125.1,No-LigD-domains
RS_GCF_000972785.3,Ku-only
RS_GCF_000815105.2,No-LigD-domains
RS_GCF_001027025.1,No-LigD-domains
RS_GCF_001020985.1,No-LigD-domains
RS_GCF_001017655.1,No-LigD-domains
RS_GCF_001028705.1,Yes-NHEJ-all-same-prot
RS_GCF_001027545.1,No-LigD-domains
RS_GCF_001017435.1,Yes-NHEJ-all-same-prot
RS_GCF_001021025.1,No-LigD-domains
RS_GCF_001021085.1,No-LigD-domains
RS_GCF_001021045.1,No-LigD-domains
RS_GCF_001021065.1,No-LigD-domains
RS_GCF_001029105.3,Yes-NHEJ-all-same-prot
RS_GCF_001029265.1,No-LigD-domains
RS_GCF_001042715.1,No-LigD-domains
RS_GCF_001050475.1,No-LigD-domains
RS_GCF_001043175.1,No-LigD-domains
RS_GCF_001078055.1,LigD-only-all-same-prot
RS_GCF_001050135.1,Yes-NHEJ-all-same-prot
RS_GCF_001051995.2,No-LigD-domains
RS_GCF_001028625.1,Yes-NHEJ-all-same-prot
RS_GCF_001186155.3,No-LigD-domains
RS_GCF_001263175.1,Yes-NHEJ-lig-pol-same_prot
RS_GCF_001563225.1,No-LigD-domains
RS_GCF_000730385.1,No-LigD-domains
RS_GCF_000953015.1,No-LigD-domains
RS_GCF_001562115.1,No-LigD-domains
RS_GCF_001414055.1,No-LigD-domains
RS_GCF_001456115.1,Yes-NHEJ-all-same-prot
RS_GCF_001278055.1,No-LigD-domains
RS_GCF_001281405.1,No-LigD-domains
RS_GCF_000817955.1,No-LigD-domains
RS_GCF_001281485.1,No-LigD-domains
RS_GCF_001310225.1,No-LigD-domains
RS_GCF_001293165.1,No-LigD-domains
RS_GCF_001542775.1,No-LigD-domains
RS_GCF_001274895.1,No-LigD-domains
RS_GCF_001077815.2,Yes-NHEJ-all-same-prot
RS_GCF_001517405.1,No-LigD-domains
RS_GCF_001507645.1,No-LigD-domains
RS_GCF_001543325.1,No-LigD-domains
RS_GCF_001298525.1,No-LigD-domains
RS_GCF_000973625.1,No-LigD-domains
RS_GCF_001310085.1,No-LigD-domains
RS_GCF_001444405.1,No-LigD-domains
RS_GCF_000830985.1,No-LigD-domains
RS_GCF_000831645.3,No-LigD-domains
RS_GCF_000950575.1,No-LigD-domains
RS_GCF_001543245.1,No-LigD-domains
RS_GCF_001294625.1,No-LigD-domains
RS_GCF_001274875.1,No-LigD-domains
RS_GCF_000739085.1,Yes-NHEJ-all-diff-prot
RS_GCF_001547735.1,No-LigD-domains
RS_GCF_001545155.1,Yes-NHEJ-all-same-prot
RS_GCF_001302585.1,Yes-NHEJ-all-diff-prot
RS_GCF_001545095.1,No-LigD-domains
RS_GCF_001305675.1,Yes-NHEJ-lig-pol-same_prot
RS_GCF_001281045.1,No-LigD-domains
RS_GCF_001553625.1,No-LigD-domains
RS_GCF_000981505.1,No-LigD-domains
RS_GCF_001518815.1,Yes-NHEJ-all-same-prot
RS_GCF_001443605.1,No-LigD-domains
RS_GCF_001308265.1,No-LigD-domains
RS_GCF_001307195.1,No-LigD-domains
RS_GCF_001553565.1,No-LigD-domains
RS_GCF_001444425.1,No-LigD-domains
RS_GCF_001544015.1,Yes-NHEJ-lig-pol-diff-prot
RS_GCF_001553545.1,No-LigD-domains
RS_GCF_000828915.1,No-LigD-domains
RS_GCF_001458695.1,No-LigD-domains
RS_GCF_001190945.1,Yes-NHEJ-all-diff-prot
RS_GCF_001187785.1,No-LigD-domains
RS_GCF_001277255.1,No-LigD-domains
RS_GCF_001547755.1,No-LigD-domains
RS_GCF_001187845.1,No-LigD-domains
RS_GCF_000828895.1,No-LigD-domains
RS_GCF_001189295.1,Yes-NHEJ-all-diff-prot
RS_GCF_001465795.2,No-LigD-domains
RS_GCF_001509405.1,Yes-NHEJ-all-same-prot
RS_GCF_000699505.1,No-LigD-domains
RS_GCF_001561955.1,No-LigD-domains
RS_GCF_001277995.1,No-LigD-domains
RS_GCF_001264245.1,No-LigD-domains
RS_GCF_001548275.1,No-LigD-domains
RS_GCF_001466725.1,No-LigD-domains
RS_GCF_001281385.1,No-LigD-domains
RS_GCF_001506165.1,No-LigD-domains
RS_GCF_001273775.1,Yes-NHEJ-all-same-prot
RS_GCF_001553605.1,No-LigD-domains
RS_GCF_001564455.1,No-LigD-domains
RS_GCF_001499655.1,Yes-NHEJ-all-diff-prot
RS_GCF_001543145.1,No-LigD-domains
RS_GCF_001047675.1,No-LigD-domains
RS_GCF_001305595.1,No-LigD-domains
RS_GCF_001577305.1,Yes-NHEJ-all-same-prot
RS_GCF_001579945.1,No-LigD-domains
RS_GCF_000812665.2,No-LigD-domains
RS_GCF_001580455.1,Yes-NHEJ-all-same-prot
RS_GCF_001590605.1,Yes-NHEJ-all-same-prot
RS_GCF_001593605.1,No-LigD-domains
RS_GCF_001611975.1,No-LigD-domains
RS_GCF_001611795.1,Yes-NHEJ-lig-pol-diff-prot
RS_GCF_001620265.1,Yes-NHEJ-all-same-prot
RS_GCF_001636295.1,Yes-NHEJ-all-same-prot
RS_GCF_001632775.1,Yes-NHEJ-all-same-prot
RS_GCF_001634365.1,Yes-NHEJ-all-same-prot
RS_GCF_001634285.1,No-LigD-domains
RS_GCF_001644605.1,Ku-only
RS_GCF_001643015.1,No-LigD-domains
RS_GCF_001644575.1,Yes-NHEJ-all-same-prot
RS_GCF_001644645.1,Yes-NHEJ-all-same-prot
RS_GCF_001641285.1,No-LigD-domains
RS_GCF_001642085.1,No-LigD-domains
RS_GCF_001644565.1,No-LigD-domains
RS_GCF_001639105.2,No-LigD-domains
RS_GCF_000816145.1,No-LigD-domains
RS_GCF_000635915.2,Yes-NHEJ-all-same-prot
RS_GCF_001654455.1,Yes-NHEJ-all-same-prot
RS_GCF_001648155.1,No-LigD-domains
RS_GCF_001653335.1,Yes-NHEJ-lig-pol-diff-prot
RS_GCF_001648175.1,No-LigD-domains
RS_GCF_001645685.2,Ku-only
RS_GCF_001651805.1,No-LigD-domains
RS_GCF_001421015.2,No-LigD-domains
RS_GCF_001658025.2,No-LigD-domains
RS_GCF_001663175.1,Yes-NHEJ-all-same-prot
RS_GCF_001660485.1,Yes-NHEJ-all-same-prot
RS_GCF_001663815.1,No-LigD-domains
RS_GCF_001676725.1,Yes-NHEJ-lig-pol-diff-prot
RS_GCF_001676785.2,No-LigD-domains
RS_GCF_001685415.1,Ku-only
RS_GCF_001687665.2,No-LigD-domains
RS_GCF_001679665.1,Yes-NHEJ-all-same-prot
RS_GCF_001678945.1,No-LigD-domains
RS_GCF_001685395.1,No-LigD-domains
RS_GCF_001689125.2,Ku-only
RS_GCF_001679725.1,Yes-NHEJ-all-same-prot
RS_GCF_001685355.1,Ku-only
RS_GCF_001688725.2,No-LigD-domains
RS_GCF_001687605.2,No-LigD-domains
RS_GCF_001687565.2,No-LigD-domains
RS_GCF_001687585.2,No-LigD-domains
RS_GCF_001677435.1,No-LigD-domains
RS_GCF_001687545.1,No-LigD-domains
RS_GCF_001693385.1,Yes-NHEJ-all-same-prot
RS_GCF_001693335.1,No-LigD-domains
RS_GCF_001698205.1,Yes-NHEJ-all-same-prot
RS_GCF_001697225.1,No-LigD-domains
RS_GCF_001697185.1,No-LigD-domains
RS_GCF_001701045.1,No-LigD-domains
RS_GCF_001701025.1,Yes-NHEJ-all-diff-prot
RS_GCF_001704115.1,No-LigD-domains
RS_GCF_001729485.1,Yes-NHEJ-all-diff-prot
RS_GCF_001708405.1,No-LigD-domains
RS_GCF_001729245.1,No-LigD-domains
RS_GCF_001717955.1,Yes-NHEJ-all-same-prot
RS_GCF_001721645.1,Yes-NHEJ-all-same-prot
RS_GCF_001715535.1,No-LigD-domains
RS_GCF_001721685.1,No-LigD-domains
RS_GCF_001723605.1,No-LigD-domains
RS_GCF_001742225.1,Yes-NHEJ-all-same-prot
RS_GCF_001735765.2,No-LigD-domains
RS_GCF_001735805.1,Yes-NHEJ-all-diff-prot
RS_GCF_001741865.1,Yes-NHEJ-all-same-prot
RS_GCF_001747405.1,No-LigD-domains
RS_GCF_001746835.1,No-LigD-domains
RS_GCF_900039485.1,No-LigD-domains
RS_GCF_001753245.1,No-LigD-domains
RS_GCF_001750105.1,No-LigD-domains
RS_GCF_001750685.1,No-LigD-domains
RS_GCF_001761465.1,No-LigD-domains
RS_GCF_001766235.1,No-LigD-domains
RS_GCF_001761325.1,No-LigD-domains
RS_GCF_001856685.1,No-LigD-domains
RS_GCF_001856665.1,No-LigD-domains
RS_GCF_001854125.1,No-LigD-domains
RS_GCF_001854185.1,No-LigD-domains
RS_GCF_001857965.1,No-LigD-domains
RS_GCF_900095795.1,No-LigD-domains
RS_GCF_001787335.1,No-LigD-domains
RS_GCF_001865575.2,Yes-NHEJ-all-same-prot
RS_GCF_001886735.1,Yes-NHEJ-all-same-prot
RS_GCF_001889045.1,No-LigD-domains
RS_GCF_001889165.1,Yes-NHEJ-lig-pol-same_prot
RS_GCF_001890385.1,Yes-NHEJ-all-same-prot
RS_GCF_001885235.1,No-LigD-domains
RS_GCF_001889005.1,Yes-NHEJ-all-same-prot
RS_GCF_001887775.1,No-LigD-domains
RS_GCF_001880225.1,No-LigD-domains
RS_GCF_001877035.1,No-LigD-domains
RS_GCF_001889605.1,Yes-NHEJ-all-same-prot
RS_GCF_001887595.1,Yes-NHEJ-lig-pol-same_prot
RS_GCF_001886715.1,Yes-NHEJ-all-same-prot
RS_GCF_001888185.1,No-LigD-domains
RS_GCF_001895265.1,No-LigD-domains
RS_GCF_001900245.1,No-LigD-domains
RS_GCF_900116045.1,No-LigD-domains
RS_GCF_001870205.1,No-LigD-domains
RS_GCF_001889025.1,No-LigD-domains
RS_GCF_001854225.1,No-LigD-domains
RS_GCF_000012565.1,No-LigD-domains
RS_GCF_000263195.1,No-LigD-domains
RS_GCF_000276685.1,No-LigD-domains
RS_GCF_000197735.1,No-LigD-domains
RS_GCF_000200735.1,No-LigD-domains
RS_GCF_000385925.1,No-LigD-domains
RS_GCF_000412675.1,Yes-NHEJ-all-same-prot
RS_GCF_000508245.1,No-LigD-domains
RS_GCF_000512895.1,Yes-NHEJ-lig-pol-diff-prot
RS_GCF_000550785.1,No-LigD-domains
RS_GCF_000732905.1,No-LigD-domains
RS_GCF_000732945.1,No-LigD-domains
RS_GCF_000759475.1,No-LigD-domains
RS_GCF_001025195.1,No-LigD-domains
RS_GCF_001025135.1,No-LigD-domains
RS_GCF_000934605.2,Ku-only
RS_GCF_001507665.1,No-LigD-domains
RS_GCF_001465545.3,No-LigD-domains
RS_GCF_001267925.1,Yes-NHEJ-all-same-prot
RS_GCF_001077715.1,No-LigD-domains
RS_GCF_001465835.2,No-LigD-domains
RS_GCF_001594225.2,Yes-NHEJ-all-same-prot
RS_GCF_001606025.1,No-LigD-domains
RS_GCF_001618685.1,No-LigD-domains
RS_GCF_001628715.1,No-LigD-domains
RS_GCF_001676705.1,Yes-NHEJ-all-same-prot
RS_GCF_001854325.1,Yes-NHEJ-all-same-prot
